{
    "name": "root",
    "gauges": {
        "PaddleBehavior.Policy.Entropy.mean": {
            "value": 0.9093729853630066,
            "min": 0.3443331718444824,
            "max": 1.0124890804290771,
            "count": 940
        },
        "PaddleBehavior.Policy.Entropy.sum": {
            "value": 1935.145751953125,
            "min": 276.12432861328125,
            "max": 4854.8271484375,
            "count": 940
        },
        "PaddleBehavior.Step.mean": {
            "value": 1999819.0,
            "min": 3417.0,
            "max": 1999819.0,
            "count": 940
        },
        "PaddleBehavior.Step.sum": {
            "value": 1999819.0,
            "min": 3417.0,
            "max": 1999819.0,
            "count": 940
        },
        "PaddleBehavior.Policy.ExtrinsicValueEstimate.mean": {
            "value": 1.0779892206192017,
            "min": 0.7141236066818237,
            "max": 1.2331175804138184,
            "count": 940
        },
        "PaddleBehavior.Policy.ExtrinsicValueEstimate.sum": {
            "value": 1.0779892206192017,
            "min": 0.7141236066818237,
            "max": 5.697581768035889,
            "count": 940
        },
        "PaddleBehavior.Environment.EpisodeLength.mean": {
            "value": 17583.0,
            "min": 0.0,
            "max": 36316.0,
            "count": 206
        },
        "PaddleBehavior.Environment.EpisodeLength.sum": {
            "value": 17583.0,
            "min": 0.0,
            "max": 36316.0,
            "count": 206
        },
        "PaddleBehavior.Environment.CumulativeReward.mean": {
            "value": 172.47616291046143,
            "min": 0.04778666794300079,
            "max": 317.70109832286835,
            "count": 167
        },
        "PaddleBehavior.Environment.CumulativeReward.sum": {
            "value": 172.47616291046143,
            "min": 0.04778666794300079,
            "max": 317.70109832286835,
            "count": 167
        },
        "PaddleBehavior.Policy.ExtrinsicReward.mean": {
            "value": 172.47616291046143,
            "min": 0.04778666794300079,
            "max": 317.70109832286835,
            "count": 167
        },
        "PaddleBehavior.Policy.ExtrinsicReward.sum": {
            "value": 172.47616291046143,
            "min": 0.04778666794300079,
            "max": 317.70109832286835,
            "count": 167
        },
        "PaddleBehavior.IsTraining.mean": {
            "value": 1.0,
            "min": 1.0,
            "max": 1.0,
            "count": 940
        },
        "PaddleBehavior.IsTraining.sum": {
            "value": 1.0,
            "min": 1.0,
            "max": 1.0,
            "count": 940
        },
        "PaddleBehavior.Losses.PolicyLoss.mean": {
            "value": 0.06442074240227272,
            "min": 0.051676251901647985,
            "max": 0.08605180347733425,
            "count": 437
        },
        "PaddleBehavior.Losses.PolicyLoss.sum": {
            "value": 0.06442074240227272,
            "min": 0.051676251901647985,
            "max": 0.08605180347733425,
            "count": 437
        },
        "PaddleBehavior.Losses.ValueLoss.mean": {
            "value": 0.008697717729536397,
            "min": 0.0005996505914472345,
            "max": 0.0853025630062473,
            "count": 437
        },
        "PaddleBehavior.Losses.ValueLoss.sum": {
            "value": 0.008697717729536397,
            "min": 0.0005996505914472345,
            "max": 0.0853025630062473,
            "count": 437
        },
        "PaddleBehavior.Policy.LearningRate.mean": {
            "value": 3.4644988454998414e-07,
            "min": 3.4644988454998414e-07,
            "max": 0.00029916825027725,
            "count": 437
        },
        "PaddleBehavior.Policy.LearningRate.sum": {
            "value": 3.4644988454998414e-07,
            "min": 3.4644988454998414e-07,
            "max": 0.00029916825027725,
            "count": 437
        },
        "PaddleBehavior.Policy.Epsilon.mean": {
            "value": 0.10011545000000004,
            "min": 0.10011545000000004,
            "max": 0.19972275000000003,
            "count": 437
        },
        "PaddleBehavior.Policy.Epsilon.sum": {
            "value": 0.10011545000000004,
            "min": 0.10011545000000004,
            "max": 0.19972275000000003,
            "count": 437
        },
        "PaddleBehavior.Policy.Beta.mean": {
            "value": 3.3078454999998945e-05,
            "min": 3.3078454999998945e-05,
            "max": 0.019944577725,
            "count": 437
        },
        "PaddleBehavior.Policy.Beta.sum": {
            "value": 3.3078454999998945e-05,
            "min": 3.3078454999998945e-05,
            "max": 0.019944577725,
            "count": 437
        }
    },
    "metadata": {
        "timer_format_version": "0.1.0",
        "start_time_seconds": "1772224704",
        "python_version": "3.10.12 | packaged by Anaconda, Inc. | (main, Jul  5 2023, 19:01:18) [MSC v.1916 64 bit (AMD64)]",
        "command_line_arguments": "C:\\Users\\gorat\\miniconda3\\envs\\mlagents\\Scripts\\mlagents-learn Paddle.yaml --run-id=run3 --initialize-from=run2",
        "mlagents_version": "1.2.0.dev0",
        "mlagents_envs_version": "1.2.0.dev0",
        "communication_protocol_version": "1.5.0",
        "pytorch_version": "2.2.2+cu121",
        "numpy_version": "1.23.5",
        "end_time_seconds": "1772236106"
    },
    "total": 11402.216175299996,
    "count": 1,
    "self": 0.007463199995981995,
    "children": {
        "run_training.setup": {
            "total": 0.10241059999680147,
            "count": 1,
            "self": 0.10241059999680147
        },
        "TrainerController.start_learning": {
            "total": 11402.106301500004,
            "count": 1,
            "self": 25.96192649182194,
            "children": {
                "TrainerController._reset_env": {
                    "total": 9.549814799996966,
                    "count": 1,
                    "self": 9.549814799996966
                },
                "TrainerController.advance": {
                    "total": 11366.537173408185,
                    "count": 2001947,
                    "self": 26.88092270649213,
                    "children": {
                        "env_step": {
                            "total": 10556.878875201379,
                            "count": 2001947,
                            "self": 3816.4309763081837,
                            "children": {
                                "SubprocessEnvManager._take_step": {
                                    "total": 6723.871656395546,
                                    "count": 2001947,
                                    "self": 72.85345070278709,
                                    "children": {
                                        "TorchPolicy.evaluate": {
                                            "total": 6651.018205692759,
                                            "count": 2001947,
                                            "self": 6651.018205692759
                                        }
                                    }
                                },
                                "workers": {
                                    "total": 16.57624249764922,
                                    "count": 2001947,
                                    "self": 0.0,
                                    "children": {
                                        "worker_root": {
                                            "total": 11350.326714001945,
                                            "count": 2001947,
                                            "is_parallel": true,
                                            "self": 8815.031278504997,