{"count":1,"self":1099.679232,"total":1099.8649578,"children":{"InitializeActuators":{"count":36,"self":0.0025721999999999997,"total":0.0025721999999999997,"children":null},"InitializeSensors":{"count":36,"self":0.00099969999999999985,"total":0.00099969999999999985,"children":null},"AgentSendState":{"count":4480,"self":0.0201345,"total":0.064850999999999992,"children":{"CollectObservations":{"count":3732,"self":0.0096645999999999989,"total":0.0096645999999999989,"children":null},"WriteActionMask":{"count":3732,"self":0.0035624999999999997,"total":0.0035624999999999997,"children":null},"RequestDecision":{"count":3732,"self":0.0314894,"total":0.0314894,"children":null}}},"DecideAction":{"count":4480,"self":0.11175299999999999,"total":0.11175299999999999,"children":null},"AgentAct":{"count":4480,"self":0.0055169999999999993,"total":0.0055169999999999993,"children":null}},"gauges":{},"metadata":{"timer_format_version":"0.1.0","start_time_seconds":"1772590179","unity_version":"6000.3.2f1","command_line_arguments":"C:\\Program Files\\Unity\\Hub\\Editor\\6000.3.2f1\\Editor\\Unity.exe -projectpath C:\\Users\\gorat\\Unity Projects\\Capstone_Project\\ML-Breakout -acceptSoftwareTermsForThisRunOnly -useHub -hubIPC -cloudEnvironment production","communication_protocol_version":"1.5.0","com.unity.ml-agents_version":"4.0.2","scene_name":"GameScene","end_time_seconds":"1772591279"}}