{
    "name": "root",
    "gauges": {
        "PaddleBehavior.Policy.Entropy.mean": {
            "value": 1.0412111282348633,
            "min": 0.9814652800559998,
            "max": 1.0710688829421997,
            "count": 467
        },
        "PaddleBehavior.Policy.Entropy.sum": {
            "value": 2215.697265625,
            "min": 695.002685546875,
            "max": 5398.7451171875,
            "count": 467
        },
        "PaddleBehavior.Step.mean": {
            "value": 998551.0,
            "min": 3934.0,
            "max": 998551.0,
            "count": 467
        },
        "PaddleBehavior.Step.sum": {
            "value": 998551.0,
            "min": 3934.0,
            "max": 998551.0,
            "count": 467
        },
        "PaddleBehavior.Policy.ExtrinsicValueEstimate.mean": {
            "value": 0.7089540958404541,
            "min": 0.5509613752365112,
            "max": 0.877987265586853,
            "count": 467
        },
        "PaddleBehavior.Policy.ExtrinsicValueEstimate.sum": {
            "value": 0.7089540958404541,
            "min": 0.646048367023468,
            "max": 5.544050216674805,
            "count": 467
        },
        "PaddleBehavior.Environment.EpisodeLength.mean": {
            "value": 70183.0,
            "min": 0.0,
            "max": 94765.0,
            "count": 51
        },
        "PaddleBehavior.Environment.EpisodeLength.sum": {
            "value": 70183.0,
            "min": 0.0,
            "max": 94765.0,
            "count": 51
        },
        "PaddleBehavior.Environment.CumulativeReward.mean": {
            "value": 499.3984088897705,
            "min": 3.293100315146148,
            "max": 661.7211008071899,
            "count": 41
        },
        "PaddleBehavior.Environment.CumulativeReward.sum": {
            "value": 499.3984088897705,
            "min": 6.586200630292296,
            "max": 661.7211008071899,
            "count": 41
        },
        "PaddleBehavior.Policy.ExtrinsicReward.mean": {
            "value": 499.3984088897705,
            "min": 3.293100315146148,
            "max": 661.7211008071899,
            "count": 41
        },
        "PaddleBehavior.Policy.ExtrinsicReward.sum": {
            "value": 499.3984088897705,
            "min": 6.586200630292296,
            "max": 661.7211008071899,
            "count": 41
        },
        "PaddleBehavior.IsTraining.mean": {
            "value": 1.0,
            "min": 1.0,
            "max": 1.0,
            "count": 467
        },
        "PaddleBehavior.IsTraining.sum": {
            "value": 1.0,
            "min": 1.0,
            "max": 1.0,
            "count": 467
        },
        "PaddleBehavior.Losses.PolicyLoss.mean": {
            "value": 0.06536255703152467,
            "min": 0.05512787287847863,
            "max": 0.08637376725230189,
            "count": 226
        },
        "PaddleBehavior.Losses.PolicyLoss.sum": {
            "value": 0.06536255703152467,
            "min": 0.05512787287847863,
            "max": 0.08637376725230189,
            "count": 226
        },
        "PaddleBehavior.Losses.ValueLoss.mean": {
            "value": 0.001496393196551556,
            "min": 6.413633614423393e-05,
            "max": 0.01508093801913438,
            "count": 226
        },
        "PaddleBehavior.Losses.ValueLoss.sum": {
            "value": 0.001496393196551556,
            "min": 6.413633614423393e-05,
            "max": 0.01508093801913438,
            "count": 226
        },
        "PaddleBehavior.Policy.LearningRate.mean": {
            "value": 4.3479985510000993e-07,
            "min": 4.3479985510000993e-07,
            "max": 0.00029843850052049993,
            "count": 226
        },
        "PaddleBehavior.Policy.LearningRate.sum": {
            "value": 4.3479985510000993e-07,
            "min": 4.3479985510000993e-07,
            "max": 0.00029843850052049993,
            "count": 226
        },
        "PaddleBehavior.Policy.Epsilon.mean": {
            "value": 0.10014490000000002,
            "min": 0.10014490000000002,
            "max": 0.19947949999999995,
            "count": 226
        },
        "PaddleBehavior.Policy.Epsilon.sum": {
            "value": 0.10014490000000002,
            "min": 0.10014490000000002,
            "max": 0.19947949999999995,
            "count": 226
        },
        "PaddleBehavior.Policy.Beta.mean": {
            "value": 3.896551000000068e-05,
            "min": 3.896551000000068e-05,
            "max": 0.01989595205,
            "count": 226
        },
        "PaddleBehavior.Policy.Beta.sum": {
            "value": 3.896551000000068e-05,
            "min": 3.896551000000068e-05,
            "max": 0.01989595205,
            "count": 226
        }
    },
    "metadata": {
        "timer_format_version": "0.1.0",
        "start_time_seconds": "1772204956",
        "python_version": "3.10.12 | packaged by Anaconda, Inc. | (main, Jul  5 2023, 19:01:18) [MSC v.1916 64 bit (AMD64)]",
        "command_line_arguments": "C:\\Users\\gorat\\miniconda3\\envs\\mlagents\\Scripts\\mlagents-learn Paddle.yaml --run-id=run2 --initialize-from=run1",
        "mlagents_version": "1.2.0.dev0",
        "mlagents_envs_version": "1.2.0.dev0",
        "communication_protocol_version": "1.5.0",
        "pytorch_version": "2.2.2+cu121",
        "numpy_version": "1.23.5",
        "end_time_seconds": "1772209631"
    },
    "total": 4674.982887,
    "count": 1,
    "self": 0.008109000000331434,
    "children": {
        "run_training.setup": {
            "total": 0.10202720000052068,
            "count": 1,
            "self": 0.10202720000052068
        },
        "TrainerController.start_learning": {
            "total": 4674.872750799999,
            "count": 1,
            "self": 12.772692098573316,
            "children": {
                "TrainerController._reset_env": {
                    "total": 6.559654399999999,
                    "count": 1,
                    "self": 6.559654399999999
                },
                "TrainerController.advance": {
                    "total": 4655.487470001428,
                    "count": 1000679,
                    "self": 13.27754159802862,
                    "children": {
                        "env_step": {
                            "total": 4240.432479702447,
                            "count": 1000679,
                            "self": 1866.1251174995723,
                            "children": {
                                "SubprocessEnvManager._take_step": {
                                    "total": 2365.9437796011534,
                                    "count": 1000679,
                                    "self": 37.08877519855014,
                                    "children": {
                                        "TorchPolicy.evaluate": {
                                            "total": 2328.8550044026033,
                                            "count": 1000679,
                                            "self": 2328.8550044026033
                                        }
                                    }
                                },
                                "workers": {
                                    "total": 8.363582601721646,
                                    "count": 1000679,
                                    "self": 0.0,
                                    "children": {
                                        "worker_root": {
                                            "total": 4646.966195701143,
                                            "count": 1000679,
                                            "is_parallel": true,
                                            "self": 3423.3310930018015,
                                            "children": {
                                                "steps_from_proto": {
                                                    "total": 0.00026900000011664815,